feature,importance
soil_moisture,0.23337731607809076
rainfall,0.23278312407691673
ndvi,0.18304911823214767
elevation,0.1424164700297448
land_use_encoded,0.10593089702521956
slope,0.10244307455788056
